id,first_name,last_name,email,gender,ip_address
1,Knox,Rollings,krollings0@shop-pro.jp,Male,54.215.85.93
2,Bibi,MacKnight,bmacknight1@ftc.gov,Polygender,232.159.23.127
3,Ruperto,Aucutt,raucutt2@mozilla.org,Agender,152.142.152.51
4,Willie,Aingell,waingell3@bing.com,Genderfluid,123.45.193.14
5,Hillary,Hamfleet,hhamfleet4@state.tx.us,Agender,38.215.158.24
6,Charil,Hallick,challick5@t.co,Agender,185.139.10.33
7,Dolorita,Tilt,dtilt6@redcross.org,Non-binary,174.191.210.161
8,Livvie,Petroff,lpetroff7@bloglovin.com,Genderfluid,169.103.187.203
9,Fransisco,Creswell,fcreswell8@dmoz.org,Polygender,11.214.25.91
10,Glynda,McKeeman,gmckeeman9@berkeley.edu,Genderfluid,77.11.41.39
11,Amanda,Douty,adoutya@amazon.de,Agender,51.117.225.204
12,Thorndike,Blackburne,tblackburneb@cocolog-nifty.com,Female,77.83.29.22
13,Lorianna,Rait,lraitc@alibaba.com,Male,189.58.46.100
14,Base,Schuricke,bschuricked@chronoengine.com,Bigender,202.10.107.13
15,Fancie,Bumphries,fbumphriese@xinhuanet.com,Female,135.231.65.252
16,Gianina,Tonry,gtonryf@ca.gov,Genderqueer,87.119.185.0
17,Milo,Maggorini,mmaggorinig@yolasite.com,Agender,87.122.173.98
18,Chrissie,Yantsev,cyantsevh@histats.com,Female,90.241.145.110
19,Wayland,Mityashev,wmityashevi@google.com.hk,Male,88.20.190.233
20,Waylan,Garling,wgarlingj@craigslist.org,Polygender,161.203.13.93
21,Alix,St Angel,astangelk@whitehouse.gov,Bigender,164.195.115.96
22,Rheta,Boate,rboatel@miibeian.gov.cn,Polygender,194.118.105.213
23,Pail,Seabourne,pseabournem@bluehost.com,Male,142.19.166.194
24,Mona,Gelletly,mgelletlyn@chicagotribune.com,Agender,51.72.179.126
25,Hermione,Ironmonger,hironmongero@sciencedirect.com,Non-binary,48.83.75.122
26,Stuart,Walsom,swalsomp@nasa.gov,Polygender,39.72.60.250
27,Alvira,Dufore,aduforeq@netvibes.com,Non-binary,81.136.212.91
28,Gaspard,Mulgrew,gmulgrewr@netscape.com,Genderqueer,103.36.239.15
29,Karil,Tilley,ktilleys@4shared.com,Genderfluid,31.230.15.86
30,Nanete,Lampard,nlampardt@spiegel.de,Genderqueer,89.141.172.20
31,Mendy,Farnall,mfarnallu@tripadvisor.com,Agender,254.242.180.206
32,Sonya,Cufflin,scufflinv@smugmug.com,Polygender,250.231.255.123
33,Hadrian,McCabe,hmccabew@dedecms.com,Agender,128.234.44.53
34,Lee,Muzzillo,lmuzzillox@slideshare.net,Non-binary,140.35.120.206
35,Zedekiah,Gilman,zgilmany@wikia.com,Polygender,79.119.43.19
36,Hobie,Poetz,hpoetzz@tinyurl.com,Non-binary,69.142.109.140
37,Lorrie,Wilcot,lwilcot10@hao123.com,Non-binary,122.185.187.248
38,Drusilla,Whitefoot,dwhitefoot11@godaddy.com,Agender,36.87.174.16
39,Mile,Van Niekerk,mvanniekerk12@wunderground.com,Genderfluid,15.92.100.22
40,Marylinda,Volks,mvolks13@cbc.ca,Genderqueer,202.194.254.55
41,Colette,Moran,cmoran14@elpais.com,Male,61.24.88.145
42,Web,Seggie,wseggie15@linkedin.com,Agender,84.202.65.30
43,Mitchael,Bullough,mbullough16@dmoz.org,Genderfluid,220.24.112.245
44,Harri,Eschelle,heschelle17@amazon.com,Non-binary,255.120.29.114
45,Sandy,Bagg,sbagg18@guardian.co.uk,Non-binary,131.127.188.21
46,Ninnette,Korba,nkorba19@msu.edu,Genderqueer,162.125.247.87
47,Neddie,Hancill,nhancill1a@unblog.fr,Genderqueer,7.169.237.131
48,Rudolfo,Caps,rcaps1b@zimbio.com,Agender,90.179.106.181
49,Minni,Cudiff,mcudiff1c@vimeo.com,Agender,58.44.98.11
50,Kimberlee,Trevor,ktrevor1d@sina.com.cn,Female,165.142.85.77
51,Rem,Bradforth,rbradforth1e@youtu.be,Genderqueer,88.94.235.0
52,Eimile,Woan,ewoan1f@prweb.com,Genderqueer,77.249.158.173
53,Gordy,Lutas,glutas1g@dropbox.com,Genderqueer,186.211.86.177
54,Vance,Gouldstone,vgouldstone1h@zdnet.com,Agender,104.150.28.235
55,Siusan,Glede,sglede1i@vk.com,Female,202.161.223.212
56,Carline,Enevoldsen,cenevoldsen1j@domainmarket.com,Female,24.27.230.20
57,Yorgo,D'Enrico,ydenrico1k@w3.org,Agender,144.159.85.61
58,Martelle,Pargeter,mpargeter1l@seesaa.net,Polygender,91.29.42.89
59,Yehudi,Hambrook,yhambrook1m@vk.com,Bigender,108.251.63.85
60,Cathie,Howen,chowen1n@admin.ch,Bigender,79.77.73.214
61,Sabra,Punshon,spunshon1o@topsy.com,Bigender,249.159.91.65
62,Sorcha,Lister,slister1p@scribd.com,Male,172.30.222.57
63,Lula,Hinzer,lhinzer1q@shop-pro.jp,Genderfluid,198.33.141.155
64,Marita,Pley,mpley1r@alibaba.com,Non-binary,45.230.75.24
65,Reeba,Brimham,rbrimham1s@redcross.org,Female,232.206.78.189
66,Lauren,Conaghan,lconaghan1t@shinystat.com,Agender,66.96.169.103
67,Tildi,Millsom,tmillsom1u@hubpages.com,Agender,38.26.59.204
68,Hillery,Headland,hheadland1v@wordpress.com,Male,104.141.62.25
69,Aurel,Beck,abeck1w@wsj.com,Polygender,125.23.134.252
70,Rustin,Weymouth,rweymouth1x@hc360.com,Genderqueer,31.230.0.106
71,Bunnie,Loyndon,bloyndon1y@bloomberg.com,Agender,105.15.151.77
72,Chrystel,Baudassi,cbaudassi1z@infoseek.co.jp,Non-binary,53.174.191.88
73,Alphard,Leppo,aleppo20@free.fr,Bigender,131.38.53.121
74,Bekki,Kaming,bkaming21@nyu.edu,Agender,8.169.123.90
75,Felita,Slisby,fslisby22@rakuten.co.jp,Genderfluid,215.45.5.169
76,Jock,Forrestor,jforrestor23@chronoengine.com,Genderqueer,106.59.107.17
77,Juan,Zimmer,jzimmer24@sogou.com,Genderfluid,61.192.103.200
78,Tisha,Fordham,tfordham25@cyberchimps.com,Genderqueer,129.129.172.193
79,Krishna,Pennino,kpennino26@odnoklassniki.ru,Agender,109.52.148.66
80,Aguste,Gilbody,agilbody27@samsung.com,Genderqueer,112.106.66.83
81,Alvie,Conduit,aconduit28@bloomberg.com,Female,43.48.248.207
82,Teddy,Stealy,tstealy29@squidoo.com,Bigender,87.92.235.198
83,Oby,Meo,omeo2a@exblog.jp,Agender,136.100.166.162
84,Maribeth,Martina,mmartina2b@behance.net,Male,60.56.244.100
85,Theo,McIntosh,tmcintosh2c@eventbrite.com,Genderqueer,70.127.132.90
86,Gayleen,Robardey,grobardey2d@cbslocal.com,Polygender,70.11.94.143
87,Ashely,Arderne,aarderne2e@cpanel.net,Bigender,83.138.196.190
88,Marshall,Pipworth,mpipworth2f@tmall.com,Female,203.69.126.248
89,Ruthe,Ide,ride2g@amazonaws.com,Polygender,100.232.31.207
90,Salvatore,Gary,sgary2h@free.fr,Non-binary,31.83.30.186
91,Thorin,Craighall,tcraighall2i@google.fr,Genderfluid,34.160.176.46
92,Ashlee,Ganley,aganley2j@wufoo.com,Male,228.103.157.221
93,Bill,Sherringham,bsherringham2k@rediff.com,Polygender,47.194.106.203
94,Norri,Esby,nesby2l@house.gov,Genderfluid,89.8.214.227
95,Deina,Biasotti,dbiasotti2m@tuttocitta.it,Agender,63.144.206.72
96,Dennet,Caesar,dcaesar2n@fema.gov,Male,193.149.149.4
97,Prinz,Doorly,pdoorly2o@unicef.org,Genderfluid,136.162.41.27
98,Silvana,Dingwall,sdingwall2p@seattletimes.com,Agender,176.170.120.182
99,Lilith,Trubshawe,ltrubshawe2q@businesswire.com,Polygender,122.123.64.106
100,Thor,Woodburn,twoodburn2r@merriam-webster.com,Genderfluid,44.244.2.144
101,Daron,Scourgie,dscourgie2s@economist.com,Genderfluid,63.17.114.59
102,Astra,Daouse,adaouse2t@kickstarter.com,Genderfluid,159.85.223.183
103,Chuck,Iannuzzelli,ciannuzzelli2u@telegraph.co.uk,Genderfluid,192.69.163.151
104,Bancroft,Linnemann,blinnemann2v@theatlantic.com,Agender,210.220.121.181
105,Kayne,Ferandez,kferandez2w@51.la,Genderqueer,230.96.112.32
106,Ruperto,Kinforth,rkinforth2x@goo.ne.jp,Male,27.62.20.66
107,Danielle,Findley,dfindley2y@cbsnews.com,Female,222.6.181.102
108,Betsy,Shortcliffe,bshortcliffe2z@weibo.com,Male,134.144.248.115
109,Collete,Ivanyutin,civanyutin30@illinois.edu,Genderfluid,122.65.235.157
110,Tobi,Spinetti,tspinetti31@google.pl,Male,252.191.241.118
111,Wynny,Cossum,wcossum32@pcworld.com,Agender,168.70.141.210
112,Ana,Ismail,aismail33@angelfire.com,Genderqueer,164.86.112.65
113,Leisha,Houldey,lhouldey34@goo.ne.jp,Agender,168.44.180.200
114,Bernice,Tilberry,btilberry35@army.mil,Male,215.250.206.66
115,Correy,Gecke,cgecke36@google.com.au,Female,28.236.45.8
116,Nanette,Edridge,nedridge37@wix.com,Male,45.112.217.225
117,Maryanna,Siemandl,msiemandl38@imdb.com,Non-binary,184.145.102.58
118,Caty,Smithers,csmithers39@wp.com,Agender,129.60.30.117
119,Thaddus,Beccero,tbeccero3a@cdc.gov,Non-binary,61.53.152.21
120,Bradan,Bansal,bbansal3b@imgur.com,Genderfluid,247.46.22.178
121,Pet,Phillpot,pphillpot3c@state.tx.us,Non-binary,54.21.240.153
122,Irvin,Scamadine,iscamadine3d@paginegialle.it,Non-binary,205.4.187.118
123,Temple,Mixworthy,tmixworthy3e@themeforest.net,Agender,170.25.156.242
124,Sergent,Debow,sdebow3f@wufoo.com,Genderqueer,134.142.184.230
125,Abramo,Rome,arome3g@themeforest.net,Genderqueer,10.13.31.74
126,Delbert,Trent,dtrent3h@e-recht24.de,Non-binary,173.241.159.229
127,Gustavus,Whittlesey,gwhittlesey3i@ox.ac.uk,Genderqueer,231.19.52.233
128,Torey,Hanigan,thanigan3j@reverbnation.com,Agender,183.70.141.9
129,Dominic,Duchatel,dduchatel3k@harvard.edu,Female,120.104.164.123
130,Whitby,Athey,wathey3l@theguardian.com,Polygender,204.182.158.158
131,Carmine,Mangion,cmangion3m@multiply.com,Bigender,16.200.87.251
132,Abbott,Gillean,agillean3n@newsvine.com,Agender,95.68.228.112
133,Elroy,Treanor,etreanor3o@fc2.com,Male,129.20.113.94
134,Devora,Skypp,dskypp3p@studiopress.com,Genderqueer,55.251.17.26
135,Melisent,Joselin,mjoselin3q@sohu.com,Bigender,189.10.246.35
136,Reuven,Arp,rarp3r@mlb.com,Agender,224.79.251.117
137,Danielle,Stithe,dstithe3s@g.co,Genderfluid,100.41.182.186
138,Darlene,Lahrs,dlahrs3t@gravatar.com,Bigender,140.47.124.82
139,Chanda,Becke,cbecke3u@answers.com,Non-binary,139.59.33.120
140,Martelle,Belone,mbelone3v@joomla.org,Genderqueer,64.129.143.56
141,Pebrook,Aughtie,paughtie3w@about.com,Genderfluid,30.1.240.234
142,Hersch,Woodard,hwoodard3x@yale.edu,Female,175.126.6.151
143,Elisabet,Astlett,eastlett3y@sun.com,Genderfluid,233.208.7.144
144,Della,Sulman,dsulman3z@jalbum.net,Polygender,105.164.159.33
145,Scarlett,Grissett,sgrissett40@yolasite.com,Male,195.123.152.27
146,Nanon,Thring,nthring41@bloglovin.com,Agender,153.51.203.227
147,Kellie,Sinderland,ksinderland42@devhub.com,Agender,102.133.210.75
148,Isacco,Boakes,iboakes43@timesonline.co.uk,Genderqueer,58.126.12.82
149,Antonietta,McGairl,amcgairl44@newyorker.com,Female,66.43.251.44
150,Marjie,Curnock,mcurnock45@slate.com,Non-binary,149.57.15.135
151,Alicea,Blinco,ablinco46@seattletimes.com,Genderqueer,115.176.222.243
152,Konstantine,Hargitt,khargitt47@forbes.com,Genderqueer,64.47.88.239
153,Phelia,Zwicker,pzwicker48@cloudflare.com,Genderqueer,253.84.212.203
154,Veronike,Chanson,vchanson49@amazon.co.uk,Polygender,33.97.109.148
155,Derrik,Briiginshaw,dbriiginshaw4a@chronoengine.com,Agender,199.72.68.24
156,Andrei,Dalston,adalston4b@t.co,Non-binary,25.235.211.32
157,Shina,Cleugh,scleugh4c@unicef.org,Genderfluid,151.93.93.118
158,Noella,Wickersley,nwickersley4d@slideshare.net,Agender,203.14.16.162
159,Neille,Sydenham,nsydenham4e@geocities.jp,Genderqueer,154.140.173.55
160,Clio,Glew,cglew4f@eepurl.com,Genderqueer,77.64.96.51
161,Gustavo,Sheaber,gsheaber4g@cam.ac.uk,Non-binary,160.127.15.101
162,Etienne,Gowar,egowar4h@technorati.com,Polygender,173.111.150.191
163,Sileas,Dickman,sdickman4i@google.co.jp,Male,6.238.189.27
164,Eachelle,Shattock,eshattock4j@wikimedia.org,Agender,81.6.48.144
165,Micah,Bryce,mbryce4k@gnu.org,Polygender,71.48.7.171
166,Cristian,Dentith,cdentith4l@independent.co.uk,Agender,0.197.185.159
167,Dyane,Highwood,dhighwood4m@gmpg.org,Non-binary,28.238.107.9
168,Murray,Pinniger,mpinniger4n@techcrunch.com,Genderfluid,70.150.229.56
169,Jsandye,Veart,jveart4o@themeforest.net,Male,54.191.244.20
170,Thor,Chidzoy,tchidzoy4p@yelp.com,Bigender,34.62.195.56
171,Gillan,Trevear,gtrevear4q@mac.com,Female,43.41.247.93
172,Lindi,Bazely,lbazely4r@businesswire.com,Genderfluid,243.46.111.42
173,Homer,Byres,hbyres4s@wunderground.com,Genderqueer,100.62.42.77
174,Roxie,Busen,rbusen4t@surveymonkey.com,Polygender,211.119.147.215
175,Lauree,Tilsley,ltilsley4u@netvibes.com,Agender,96.75.8.38
176,Nickolaus,Bernaert,nbernaert4v@mapquest.com,Non-binary,137.56.223.184
177,Charmaine,Rolles,crolles4w@cbc.ca,Polygender,130.74.203.130
178,Katusha,Kiloh,kkiloh4x@typepad.com,Female,45.197.149.122
179,Welch,Englishby,wenglishby4y@wikipedia.org,Non-binary,163.146.39.19
180,Currie,Scohier,cscohier4z@hatena.ne.jp,Male,15.232.236.127
181,Henriette,Darwood,hdarwood50@samsung.com,Genderqueer,249.65.185.129
182,Kenna,Anglish,kanglish51@google.es,Male,247.5.25.224
183,Katusha,Sandey,ksandey52@imgur.com,Polygender,213.168.75.145
184,Yetty,Girard,ygirard53@de.vu,Bigender,175.30.220.29
185,Harrie,Bedinn,hbedinn54@mayoclinic.com,Genderfluid,68.76.14.49
186,Kiley,Sessuns,ksessuns55@purevolume.com,Female,220.41.133.80
187,Mikael,McCotter,mmccotter56@deliciousdays.com,Genderqueer,168.3.121.5
188,Meghann,Beard,mbeard57@biblegateway.com,Agender,175.153.19.236
189,Rik,Cheasman,rcheasman58@ca.gov,Agender,172.6.249.58
190,Obediah,Zorzin,ozorzin59@discovery.com,Non-binary,72.112.168.112
191,Oswald,Tokley,otokley5a@behance.net,Bigender,156.86.158.81
192,Welsh,Brave,wbrave5b@shop-pro.jp,Genderfluid,190.232.217.35
193,Herculie,Luigi,hluigi5c@instagram.com,Female,52.149.178.104
194,Cody,Bushen,cbushen5d@clickbank.net,Genderqueer,2.212.171.181
195,Ange,Gosby,agosby5e@cdc.gov,Male,58.81.6.26
196,Nadiya,Jiggen,njiggen5f@google.fr,Bigender,139.116.235.168
197,Delila,Greedyer,dgreedyer5g@addthis.com,Bigender,134.65.242.121
198,Otes,Slade,oslade5h@cnbc.com,Genderfluid,138.31.52.191
199,Stanislas,Bugby,sbugby5i@telegraph.co.uk,Bigender,92.255.198.132
200,Wilhelmine,Abreheart,wabreheart5j@cmu.edu,Male,228.88.85.0
201,Torey,Layburn,tlayburn5k@pen.io,Female,65.142.154.181
202,Chryste,McAdam,cmcadam5l@jalbum.net,Genderqueer,232.69.238.49
203,Farrel,Draye,fdraye5m@theguardian.com,Genderfluid,134.182.7.69
204,Jourdain,Pearce,jpearce5n@youtu.be,Agender,190.112.90.83
205,Julienne,True,jtrue5o@japanpost.jp,Bigender,15.227.156.175
206,Dena,MacMenemy,dmacmenemy5p@home.pl,Female,166.181.15.238
207,Arabele,O'Shesnan,aoshesnan5q@wikia.com,Male,220.42.69.58
208,Ira,Cracker,icracker5r@myspace.com,Non-binary,187.169.63.31
209,Loree,Denyukhin,ldenyukhin5s@timesonline.co.uk,Genderqueer,43.205.251.206
210,Maible,Stetson,mstetson5t@nature.com,Genderqueer,17.254.1.67
211,Reggie,Kann,rkann5u@etsy.com,Male,175.109.48.52
212,Francois,Coldbreath,fcoldbreath5v@oakley.com,Genderfluid,253.116.131.73
213,Martin,Humpatch,mhumpatch5w@123-reg.co.uk,Female,47.25.68.124
214,Basilius,Louiset,blouiset5x@theglobeandmail.com,Non-binary,25.241.226.105
215,Carlita,Faier,cfaier5y@booking.com,Male,144.15.8.223
216,Deeanne,Hoopper,dhoopper5z@google.co.jp,Bigender,223.94.149.59
217,Cherry,Burrill,cburrill60@furl.net,Female,41.234.189.87
218,Osmund,Caveill,ocaveill61@mail.ru,Genderqueer,41.182.7.168
219,Bernetta,Hearnden,bhearnden62@goo.gl,Agender,140.116.125.33
220,Sherwynd,Hardaway,shardaway63@pcworld.com,Bigender,100.12.226.1
221,Pauline,Ullyatt,pullyatt64@dailymail.co.uk,Genderfluid,206.201.109.188
222,Rice,Richford,rrichford65@ebay.com,Polygender,55.157.98.232
223,Sloan,Gwilliams,sgwilliams66@chicagotribune.com,Genderqueer,233.250.236.70
224,Sidonnie,England,sengland67@slideshare.net,Polygender,107.119.133.210
225,Sophronia,Scollick,sscollick68@alibaba.com,Polygender,144.204.213.164
226,Thomas,Ponte,tponte69@yahoo.com,Polygender,100.149.241.158
227,Davon,Matejic,dmatejic6a@istockphoto.com,Polygender,2.91.208.94
228,Jasmin,Hathaway,jhathaway6b@kickstarter.com,Agender,239.250.34.177
229,Lavinia,Weatherby,lweatherby6c@whitehouse.gov,Genderfluid,85.92.158.227
230,Roberto,Broxholme,rbroxholme6d@zdnet.com,Bigender,129.65.114.6
231,Wade,Hastilow,whastilow6e@miitbeian.gov.cn,Female,125.162.43.29
232,Roanna,Lansdale,rlansdale6f@webnode.com,Bigender,138.146.26.34
233,Alberik,Formoy,aformoy6g@unc.edu,Female,246.38.142.9
234,Andrew,Beaulieu,abeaulieu6h@europa.eu,Genderqueer,193.102.213.83
235,Ede,Hollingdale,ehollingdale6i@storify.com,Non-binary,63.83.88.68
236,Chloette,Simeonov,csimeonov6j@vimeo.com,Genderfluid,146.225.148.58
237,Myranda,Truelock,mtruelock6k@yale.edu,Genderqueer,226.58.216.41
238,Shandee,Apdell,sapdell6l@webeden.co.uk,Polygender,119.86.219.55
239,Briny,Ditch,bditch6m@over-blog.com,Non-binary,203.219.162.113
240,Ossie,Lorente,olorente6n@cnet.com,Polygender,252.83.212.10
241,Jobye,Pyson,jpyson6o@rediff.com,Genderfluid,153.196.252.251
242,Perle,Faulo,pfaulo6p@wp.com,Female,121.243.226.178
243,Adolf,Boddy,aboddy6q@stumbleupon.com,Genderqueer,137.138.26.98
244,Joleen,Spurdens,jspurdens6r@paypal.com,Bigender,7.25.245.191
245,Kora,Bellelli,kbellelli6s@cyberchimps.com,Genderqueer,77.15.3.253
246,Ellis,Skurm,eskurm6t@etsy.com,Polygender,96.220.158.243
247,Estell,Attyeo,eattyeo6u@diigo.com,Agender,17.69.118.167
248,Ruddie,Margach,rmargach6v@wsj.com,Female,141.242.57.60
249,Rosa,Redhole,rredhole6w@ucoz.ru,Polygender,255.145.3.216
250,Cornie,Faucett,cfaucett6x@ihg.com,Polygender,92.142.245.159
251,Jake,Pamment,jpamment6y@hhs.gov,Bigender,81.190.103.19
252,Ansel,Dyneley,adyneley6z@dropbox.com,Bigender,173.67.107.150
253,Michel,Hrynczyk,mhrynczyk70@phpbb.com,Agender,232.221.191.246
254,Gratiana,Paulack,gpaulack71@scientificamerican.com,Genderfluid,231.134.140.173
255,Carri,Studdard,cstuddard72@blogs.com,Polygender,187.193.68.39
256,Umberto,Arnke,uarnke73@bloomberg.com,Male,31.254.134.60
257,Fernandina,Corfield,fcorfield74@shop-pro.jp,Genderqueer,117.229.104.2
258,Arluene,Castellino,acastellino75@reuters.com,Agender,111.174.68.246
259,Lavinia,Kilgrove,lkilgrove76@weather.com,Non-binary,153.251.47.0
260,Odele,La Grange,olagrange77@archive.org,Male,6.150.115.152
261,Sholom,Bosma,sbosma78@goodreads.com,Genderqueer,51.154.19.47
262,Etta,Pettigree,epettigree79@mtv.com,Genderfluid,15.140.13.73
263,Nessa,Asel,nasel7a@cmu.edu,Agender,38.140.136.93
264,Brandais,Mardoll,bmardoll7b@seattletimes.com,Male,152.164.223.142
265,Elene,Desquesnes,edesquesnes7c@github.io,Non-binary,166.173.138.116
266,Bobby,Leyninye,bleyninye7d@networkadvertising.org,Male,12.173.26.82
267,Ron,Ingall,ringall7e@addthis.com,Bigender,170.142.215.174
268,Rosalinde,Stenet,rstenet7f@nasa.gov,Male,191.107.70.72
269,Alvina,Schroder,aschroder7g@de.vu,Genderqueer,191.155.167.125
270,Wolf,Potkin,wpotkin7h@list-manage.com,Non-binary,79.238.140.34
271,Clareta,Klimek,cklimek7i@wikia.com,Male,170.117.86.69
272,Pamela,Petit,ppetit7j@cnbc.com,Polygender,7.39.229.193
273,Tabbie,Chrishop,tchrishop7k@facebook.com,Agender,47.42.112.114
274,Obadias,Clineck,oclineck7l@pcworld.com,Non-binary,80.137.161.113
275,Petronille,Bannister,pbannister7m@telegraph.co.uk,Polygender,237.170.79.197
276,Ty,Riches,triches7n@bbc.co.uk,Bigender,45.139.59.243
277,Pepito,Treleven,ptreleven7o@toplist.cz,Genderfluid,171.62.86.210
278,Saba,Fetters,sfetters7p@bizjournals.com,Female,125.79.199.215
279,Kleon,Insoll,kinsoll7q@sitemeter.com,Genderfluid,83.173.177.92
280,Nev,Vallery,nvallery7r@naver.com,Genderfluid,112.166.104.44
281,Drusy,Sember,dsember7s@vistaprint.com,Genderqueer,150.231.44.27
282,Gale,Moscone,gmoscone7t@eventbrite.com,Non-binary,151.96.30.152
283,Luise,Alday,lalday7u@dagondesign.com,Female,139.26.23.139
284,Crissy,Stealfox,cstealfox7v@youku.com,Male,236.154.192.140
285,Daren,Dreakin,ddreakin7w@nih.gov,Non-binary,60.232.141.246
286,Tricia,Lerway,tlerway7x@bravesites.com,Bigender,186.137.251.97
287,Birgitta,Storr,bstorr7y@chicagotribune.com,Genderfluid,122.126.223.107
288,Colleen,McAloren,cmcaloren7z@photobucket.com,Bigender,149.166.92.195
289,Bert,Place,bplace80@google.it,Polygender,184.246.156.118
290,Darcey,Dinnis,ddinnis81@wikimedia.org,Male,140.145.156.150
291,Doralynn,Lauret,dlauret82@uiuc.edu,Male,70.162.147.72
292,Darcy,Cunde,dcunde83@google.cn,Non-binary,179.102.109.61
293,Charlotta,Izakoff,cizakoff84@creativecommons.org,Agender,87.59.166.150
294,Tannie,Ballantine,tballantine85@sfgate.com,Bigender,49.46.187.168
295,Lancelot,Moret,lmoret86@vk.com,Non-binary,228.5.202.167
296,Griffy,Jauncey,gjauncey87@amazon.com,Genderfluid,219.178.226.252
297,Bill,Forri,bforri88@bandcamp.com,Bigender,104.108.208.155
298,Saundra,Rounds,srounds89@nifty.com,Genderqueer,238.59.254.167
299,Rolf,O'Driscoll,rodriscoll8a@state.gov,Polygender,240.152.190.119
300,Jeromy,Oliphand,joliphand8b@geocities.jp,Non-binary,253.6.251.227
301,Cal,Margram,cmargram8c@nifty.com,Genderfluid,155.79.97.227
302,Olly,Hancell,ohancell8d@wsj.com,Genderqueer,70.238.236.232
303,Shurlocke,Battson,sbattson8e@unesco.org,Genderqueer,224.41.107.131
304,Dame,McDowall,dmcdowall8f@globo.com,Male,149.145.7.245
305,Elsie,Torald,etorald8g@yellowbook.com,Female,75.184.85.220
306,Caroljean,Melross,cmelross8h@meetup.com,Non-binary,247.165.36.179
307,Rockie,Hew,rhew8i@accuweather.com,Genderfluid,67.80.132.230
308,Alvinia,Overnell,aovernell8j@webnode.com,Polygender,118.210.90.15
309,Almeta,Stilliard,astilliard8k@slideshare.net,Polygender,17.114.255.106
310,Sianna,Skevington,sskevington8l@rediff.com,Polygender,155.89.153.143
311,Amata,Luscombe,aluscombe8m@si.edu,Bigender,67.106.65.255
312,Avictor,Hargroves,ahargroves8n@g.co,Non-binary,84.149.27.159
313,Winona,Mellers,wmellers8o@xrea.com,Female,134.35.194.82
314,Ky,Kauscher,kkauscher8p@fotki.com,Genderfluid,48.164.124.72
315,Elvina,MacGillespie,emacgillespie8q@cafepress.com,Polygender,131.225.120.213
316,Chiquita,Lowfill,clowfill8r@vkontakte.ru,Polygender,3.137.58.250
317,Noelani,Cornelisse,ncornelisse8s@jigsy.com,Female,202.7.240.24
318,Edin,Warin,ewarin8t@adobe.com,Agender,145.246.85.255
319,Dun,Everiss,deveriss8u@ifeng.com,Non-binary,231.120.62.38
320,Adah,Fleay,afleay8v@jigsy.com,Male,73.66.92.154
321,Wyn,Heindrick,wheindrick8w@wikispaces.com,Genderfluid,49.0.133.132
322,Sasha,Mattiussi,smattiussi8x@springer.com,Female,250.177.236.21
323,Stevy,Bathowe,sbathowe8y@woothemes.com,Genderfluid,174.131.251.211
324,Bogey,Chambers,bchambers8z@dyndns.org,Bigender,139.52.229.34
325,Kim,Swait,kswait90@umich.edu,Female,53.12.35.85
326,Lezlie,Knutton,lknutton91@naver.com,Genderqueer,166.176.77.194
327,Morganica,Tapsfield,mtapsfield92@tmall.com,Bigender,176.66.98.204
328,Stanislaw,Hardey,shardey93@zimbio.com,Female,57.138.45.221
329,Loralyn,Fannin,lfannin94@jiathis.com,Non-binary,43.91.141.62
330,Gabie,Hyndson,ghyndson95@mapquest.com,Agender,184.16.5.236
331,Freddy,Stonehouse,fstonehouse96@tinyurl.com,Polygender,110.3.1.106
332,Franni,Ridoutt,fridoutt97@blogs.com,Female,226.147.235.137
333,Dorie,Pelosi,dpelosi98@constantcontact.com,Genderfluid,179.18.59.61
334,Gypsy,Brimilcombe,gbrimilcombe99@behance.net,Bigender,155.131.244.189
335,Shawn,Corpes,scorpes9a@wisc.edu,Genderfluid,108.67.228.52
336,Duky,Caulwell,dcaulwell9b@macromedia.com,Genderqueer,233.153.144.204
337,Amble,McNutt,amcnutt9c@examiner.com,Polygender,127.58.225.230
338,Demetri,Ethelstone,dethelstone9d@nhs.uk,Genderfluid,139.31.199.166
339,Glynnis,Poxton,gpoxton9e@livejournal.com,Female,63.241.250.116
340,Edd,Lepper,elepper9f@mapquest.com,Polygender,247.154.101.95
341,Weber,Tendahl,wtendahl9g@sohu.com,Genderfluid,47.138.243.137
342,Tully,Ronayne,tronayne9h@amazon.co.jp,Agender,26.14.248.23
343,Marne,Fennell,mfennell9i@wired.com,Non-binary,12.118.15.223
344,Danella,Hansley,dhansley9j@taobao.com,Genderfluid,189.166.73.99
345,Korey,Gockelen,kgockelen9k@twitter.com,Female,83.191.254.231
346,Tomi,Salomon,tsalomon9l@devhub.com,Agender,184.85.0.23
347,Myca,Tritten,mtritten9m@amazon.com,Genderqueer,11.229.9.194
348,Nye,Stidever,nstidever9n@biglobe.ne.jp,Female,115.239.39.194
349,Ondrea,Sleet,osleet9o@purevolume.com,Polygender,52.31.207.194
350,Anatol,Clackers,aclackers9p@gov.uk,Male,161.198.239.153
351,Meredithe,Vedikhov,mvedikhov9q@google.com,Male,73.31.99.220
352,Renaldo,Van Arsdall,rvanarsdall9r@miibeian.gov.cn,Genderfluid,207.175.155.183
353,Corey,Jeakins,cjeakins9s@artisteer.com,Genderqueer,185.177.70.219
354,Dixie,Beckhurst,dbeckhurst9t@jimdo.com,Genderqueer,162.83.34.131
355,Ellsworth,Huckabe,ehuckabe9u@joomla.org,Agender,252.120.122.240
356,Regan,Wyke,rwyke9v@buzzfeed.com,Genderqueer,14.2.87.216
357,Melisenda,Acors,macors9w@pagesperso-orange.fr,Genderfluid,106.149.185.150
358,Nellie,Deble,ndeble9x@g.co,Non-binary,211.6.144.178
359,Blinni,Broomer,bbroomer9y@devhub.com,Female,10.104.36.234
360,Michelina,Berdale,mberdale9z@reverbnation.com,Non-binary,224.214.67.138
361,Astrid,Janota,ajanotaa0@amazon.co.uk,Genderfluid,200.254.18.216
362,Jolyn,Urvoy,jurvoya1@adobe.com,Female,143.106.222.229
363,Georgianne,Reach,greacha2@pbs.org,Bigender,230.43.174.113
364,Travis,Scranedge,tscranedgea3@bloomberg.com,Male,213.41.168.65
365,Kiri,Flemmich,kflemmicha4@a8.net,Genderfluid,255.229.243.158
366,Meridel,Corcut,mcorcuta5@redcross.org,Male,75.134.92.167
367,Nara,Waddicor,nwaddicora6@ucla.edu,Genderfluid,244.207.53.43
368,Philip,Aberdein,paberdeina7@aboutads.info,Genderqueer,72.75.107.51
369,Ferdinande,Klimp,fklimpa8@opensource.org,Non-binary,0.42.7.14
370,Agretha,Corless,acorlessa9@hp.com,Non-binary,118.202.108.241
371,Marleah,Jankin,mjankinaa@reference.com,Bigender,134.190.245.198
372,Guthrey,Odney,godneyab@chronoengine.com,Male,25.136.42.186
373,Esteban,Grimsditch,egrimsditchac@businessinsider.com,Polygender,73.141.234.88
374,Brit,Axton,baxtonad@gnu.org,Polygender,226.27.66.101
375,Kim,Moylan,kmoylanae@google.fr,Female,54.245.49.157
376,Trefor,Burtwell,tburtwellaf@google.it,Genderqueer,73.201.101.1
377,Willem,Rains,wrainsag@vistaprint.com,Agender,200.211.140.238
378,Ronna,Vallintine,rvallintineah@narod.ru,Polygender,165.158.223.39
379,Grissel,Coronado,gcoronadoai@freewebs.com,Genderqueer,177.79.233.165
380,Buddy,Barke,bbarkeaj@sun.com,Agender,33.27.52.191
381,Oriana,Hanigan,ohaniganak@arstechnica.com,Female,189.145.10.83
382,Dorree,Ovill,dovillal@smh.com.au,Male,17.138.45.244
383,Daryn,Sewall,dsewallam@bizjournals.com,Polygender,18.132.144.223
384,Hamil,Whalebelly,hwhalebellyan@google.it,Bigender,150.89.38.125
385,Drugi,O Mullen,domullenao@ftc.gov,Genderfluid,69.35.38.1
386,Dare,Tardiff,dtardiffap@bloomberg.com,Bigender,127.228.156.17
387,Rona,Yantsev,ryantsevaq@whitehouse.gov,Male,233.119.192.40
388,Dacey,Tolcher,dtolcherar@acquirethisname.com,Genderqueer,134.220.153.251
389,Clevie,Dymock,cdymockas@seattletimes.com,Female,206.136.51.34
390,Mignon,Rolf,mrolfat@cam.ac.uk,Agender,186.156.65.16
391,Hi,Demangel,hdemangelau@dedecms.com,Male,4.38.93.126
392,Berny,Taunton,btauntonav@cbslocal.com,Male,214.60.71.162
393,Doralynne,Mitford,dmitfordaw@vkontakte.ru,Polygender,246.99.37.104
394,Sven,Amburgy,samburgyax@behance.net,Female,48.6.227.223
395,Noni,Jurasek,njurasekay@techcrunch.com,Male,246.21.48.192
396,Any,Staker,astakeraz@utexas.edu,Non-binary,206.167.58.67
397,Lawton,Abazi,labazib0@rediff.com,Bigender,48.35.165.190
398,Chauncey,De Mitris,cdemitrisb1@virginia.edu,Genderfluid,87.48.61.241
399,Tamma,Smellie,tsmellieb2@youtu.be,Agender,99.36.94.32
400,Ansell,Cavy,acavyb3@arizona.edu,Genderqueer,84.161.204.51
401,Minda,Cass,mcassb4@msn.com,Bigender,247.114.193.224
402,Daryle,Corness,dcornessb5@hc360.com,Female,111.95.205.176
403,Johnette,Kidstone,jkidstoneb6@livejournal.com,Genderfluid,245.193.104.198
404,Andriette,Lehrle,alehrleb7@illinois.edu,Bigender,168.57.233.155
405,Abbye,Baseley,abaseleyb8@istockphoto.com,Polygender,229.5.115.247
406,Emmaline,Duffield,eduffieldb9@stanford.edu,Genderfluid,16.8.46.233
407,Fae,Farragher,ffarragherba@patch.com,Female,129.46.50.188
408,Ashby,Swyre,aswyrebb@narod.ru,Genderfluid,50.243.242.115
409,Grantham,Boteman,gbotemanbc@alexa.com,Non-binary,138.71.14.90
410,Rochester,Gibb,rgibbbd@scribd.com,Male,170.76.209.233
411,Shane,Eeles,seelesbe@woothemes.com,Genderqueer,90.82.141.88
412,Mathias,Hubery,mhuberybf@time.com,Genderqueer,222.253.17.213
413,Cele,Gonzalo,cgonzalobg@histats.com,Bigender,236.180.223.51
414,Marylee,Nodin,mnodinbh@csmonitor.com,Genderqueer,113.196.169.234
415,Ray,Gandar,rgandarbi@imageshack.us,Genderqueer,232.190.150.246
416,Mabel,Baford,mbafordbj@google.com.br,Bigender,174.80.255.77
417,Fina,Roughsedge,froughsedgebk@java.com,Male,131.156.48.203
418,Dredi,Coulson,dcoulsonbl@seattletimes.com,Male,134.121.187.102
419,Jason,Stoite,jstoitebm@noaa.gov,Genderfluid,7.223.110.57
420,Kaile,Patnelli,kpatnellibn@geocities.com,Agender,7.125.35.33
421,Germain,McBayne,gmcbaynebo@weather.com,Polygender,135.50.190.120
422,Oliviero,Semorad,osemoradbp@sfgate.com,Non-binary,13.19.201.36
423,Bevon,Atkin,batkinbq@wix.com,Genderqueer,104.195.255.243
424,Pietrek,Badam,pbadambr@github.io,Agender,21.48.18.159
425,Marji,Canedo,mcanedobs@narod.ru,Bigender,38.22.219.63
426,Odetta,Postle,opostlebt@sciencedirect.com,Genderfluid,203.213.80.151
427,Pacorro,Duckworth,pduckworthbu@rediff.com,Polygender,61.205.223.254
428,Albrecht,Ramelet,arameletbv@epa.gov,Polygender,107.147.212.129
429,Tabina,McGrotty,tmcgrottybw@sogou.com,Polygender,173.34.0.206
430,Roy,Studeart,rstudeartbx@diigo.com,Agender,127.103.216.152
431,Jermaine,Badder,jbadderby@usda.gov,Genderfluid,13.24.209.246
432,Cecilla,McJerrow,cmcjerrowbz@wordpress.org,Male,246.243.210.229
433,Jerrylee,Raecroft,jraecroftc0@feedburner.com,Genderfluid,17.142.237.222
434,Barty,Gladdifh,bgladdifhc1@smh.com.au,Non-binary,197.78.39.244
435,Giff,Kalaher,gkalaherc2@dell.com,Female,88.250.252.48
436,Fredek,Brose,fbrosec3@seesaa.net,Non-binary,209.111.220.225
437,Hallsy,Simmonite,hsimmonitec4@hibu.com,Genderfluid,120.63.58.193
438,Kalle,Beere,kbeerec5@time.com,Agender,167.98.242.180
439,Cosimo,Bartolomeo,cbartolomeoc6@google.pl,Genderqueer,161.177.81.83
440,Cody,Scawen,cscawenc7@nifty.com,Bigender,206.218.130.199
441,Drusy,Sowman,dsowmanc8@fotki.com,Genderfluid,248.78.18.155
442,Jami,Hartright,jhartrightc9@feedburner.com,Genderqueer,179.122.5.42
443,Zara,Sampson,zsampsonca@gmpg.org,Polygender,153.56.71.45
444,Boot,Algie,balgiecb@slate.com,Agender,77.7.208.224
445,Martelle,Souley,msouleycc@t.co,Genderfluid,145.1.209.147
446,Vladimir,Newlands,vnewlandscd@google.it,Genderfluid,241.125.94.125
447,Stepha,Sharram,ssharramce@etsy.com,Genderfluid,52.27.157.232
448,Renard,Stiling,rstilingcf@google.es,Polygender,45.242.210.196
449,Andrus,Tufts,atuftscg@virginia.edu,Agender,157.238.156.56
450,Sebastiano,Arber,sarberch@tripadvisor.com,Non-binary,12.126.32.144
451,Meredith,Wellan,mwellanci@jiathis.com,Polygender,248.159.208.11
452,Sly,Giannazzi,sgiannazzicj@soundcloud.com,Genderqueer,1.191.36.63
453,Dierdre,Stokey,dstokeyck@edublogs.org,Non-binary,180.81.178.35
454,Alyce,Rosenvasser,arosenvassercl@edublogs.org,Genderqueer,63.14.253.74
455,Lark,Davinet,ldavinetcm@topsy.com,Agender,222.18.70.165
456,Xerxes,Convery,xconverycn@xrea.com,Genderqueer,174.132.201.48
457,Ryan,Bahde,rbahdeco@cdbaby.com,Polygender,11.34.137.241
458,Free,Thurby,fthurbycp@sohu.com,Genderqueer,27.48.149.63
459,Berni,Melior,bmeliorcq@shinystat.com,Genderfluid,166.152.67.55
460,Lynnet,Sumption,lsumptioncr@e-recht24.de,Genderfluid,194.241.228.183
461,Kimmy,Mulliss,kmullisscs@github.io,Male,122.41.80.148
462,Baron,Isaaksohn,bisaaksohnct@w3.org,Non-binary,165.125.73.127
463,Geri,Normabell,gnormabellcu@cyberchimps.com,Non-binary,205.238.42.167
464,Kiley,Gallico,kgallicocv@shinystat.com,Agender,157.181.243.113
465,Amalea,Brattan,abrattancw@dyndns.org,Agender,9.192.29.135
466,Layney,Atherton,lathertoncx@free.fr,Male,220.65.133.26
467,Jesselyn,Jedrys,jjedryscy@salon.com,Female,78.15.197.2
468,Rhonda,Urpeth,rurpethcz@cbc.ca,Genderqueer,156.6.23.1
469,Roxanne,Raisbeck,rraisbeckd0@aboutads.info,Bigender,250.189.159.84
470,Darbie,Frichley,dfrichleyd1@tinypic.com,Genderqueer,198.250.240.20
471,Keene,McGeady,kmcgeadyd2@flavors.me,Male,175.226.230.91
472,Malcolm,Greenshields,mgreenshieldsd3@symantec.com,Agender,254.121.236.234
473,Donica,Hambrick,dhambrickd4@barnesandnoble.com,Genderfluid,236.156.253.224
474,Darice,Agronski,dagronskid5@kickstarter.com,Polygender,102.89.10.120
475,Deirdre,Faughny,dfaughnyd6@google.es,Genderfluid,226.242.16.23
476,Sondra,Quakley,squakleyd7@marketwatch.com,Genderqueer,70.19.32.82
477,Elbertine,Knyvett,eknyvettd8@ucsd.edu,Male,85.94.163.226
478,Barth,Kaemena,bkaemenad9@youtube.com,Non-binary,137.66.87.248
479,Hadrian,Campbell-Dunlop,hcampbelldunlopda@usa.gov,Female,56.217.174.130
480,Nicol,Bissett,nbissettdb@china.com.cn,Male,156.134.25.203
481,Hamid,Ekless,heklessdc@webeden.co.uk,Female,188.214.9.229
482,Henrieta,Kinnerk,hkinnerkdd@army.mil,Agender,133.41.209.153
483,Stinky,Brose,sbrosede@homestead.com,Agender,233.230.178.245
484,Anthony,Found,afounddf@altervista.org,Female,226.153.25.49
485,Krisha,Zimmerman,kzimmermandg@moonfruit.com,Genderqueer,113.245.252.178
486,Ber,Baswall,bbaswalldh@indiatimes.com,Non-binary,3.152.102.61
487,Roslyn,Sinclar,rsinclardi@ucsd.edu,Bigender,23.116.4.2
488,Wit,Manchester,wmanchesterdj@ameblo.jp,Female,17.203.219.193
489,Robin,Diben,rdibendk@moonfruit.com,Male,117.37.248.120
490,Morgen,Eytel,meyteldl@parallels.com,Bigender,94.238.123.202
491,Charlotte,Djurdjevic,cdjurdjevicdm@arstechnica.com,Female,19.33.108.127
492,Odell,Ream,oreamdn@pcworld.com,Male,142.162.132.173
493,Cletis,Bushel,cbusheldo@arstechnica.com,Genderfluid,146.49.177.185
494,Oswell,Harte,ohartedp@nsw.gov.au,Non-binary,224.21.132.112
495,Constancia,MacKilroe,cmackilroedq@nba.com,Genderqueer,85.103.157.164
496,Michal,Poll,mpolldr@blogtalkradio.com,Genderqueer,230.94.190.172
497,Chiarra,Hefferan,chefferands@intel.com,Bigender,89.24.172.227
498,Tyrone,Szymanzyk,tszymanzykdt@ifeng.com,Genderqueer,117.80.178.210
499,Merla,Idwal Evans,midwalevansdu@cbsnews.com,Polygender,81.91.152.24
500,Delmore,Ebunoluwa,debunoluwadv@amazonaws.com,Female,185.148.129.224
501,Armstrong,Collison,acollisondw@51.la,Agender,141.53.155.255
502,Keely,Dansey,kdanseydx@photobucket.com,Female,134.138.221.23
503,Kevina,Jorioz,kjoriozdy@hud.gov,Genderfluid,241.191.107.119
504,Baldwin,Canto,bcantodz@smugmug.com,Male,44.44.128.249
505,Daryle,Swinglehurst,dswinglehurste0@nifty.com,Male,119.245.17.236
506,Ondrea,Sirett,osirette1@answers.com,Polygender,156.142.170.57
507,Loralee,Emblen,lemblene2@163.com,Female,5.37.40.7
508,Russ,Stowe,rstowee3@techcrunch.com,Bigender,14.229.88.18
509,Roslyn,Franck,rfrancke4@a8.net,Genderfluid,79.73.33.115
510,Matthias,Petworth,mpetworthe5@yahoo.co.jp,Genderfluid,73.180.43.119
511,Georgie,Classen,gclassene6@theatlantic.com,Agender,135.193.117.39
512,Marcos,Vennart,mvennarte7@netscape.com,Female,128.25.111.6
513,Rakel,Franssen,rfranssene8@loc.gov,Non-binary,179.61.168.221
514,Robinette,Eskriett,reskriette9@skyrock.com,Agender,98.75.224.82
515,Eamon,Cansfield,ecansfieldea@wix.com,Female,211.194.165.242
516,Sammy,Brolan,sbrolaneb@virginia.edu,Genderqueer,83.18.126.126
517,Olympie,Rumin,oruminec@google.com.hk,Female,151.102.163.151
518,Sybille,Lenahan,slenahaned@friendfeed.com,Bigender,24.182.239.45
519,Goober,Carlozzi,gcarlozziee@altervista.org,Agender,244.227.27.195
520,Stirling,Bennellick,sbennellickef@multiply.com,Polygender,239.100.137.114
521,Jessika,Garlette,jgarletteeg@seattletimes.com,Male,33.23.246.50
522,Wright,Dablin,wdablineh@ycombinator.com,Male,141.209.12.47
523,Christie,Yakov,cyakovei@hexun.com,Non-binary,135.1.158.38
524,Rees,Gwyer,rgwyerej@time.com,Polygender,209.245.223.153
525,Debora,Friday,dfridayek@ehow.com,Male,217.177.105.90
526,Tricia,Leonards,tleonardsel@princeton.edu,Genderqueer,35.202.74.168
527,Reina,Fairey,rfaireyem@yelp.com,Bigender,51.31.95.214
528,Andre,Gyford,agyforden@symantec.com,Female,146.151.10.77
529,Riki,Stiffkins,rstiffkinseo@umn.edu,Non-binary,24.69.38.23
530,Archibaldo,Mudle,amudleep@tmall.com,Polygender,100.160.200.249
531,Ferne,McSporrin,fmcsporrineq@hud.gov,Male,103.106.219.181
532,Lindie,Caldecot,lcaldecoter@mapquest.com,Genderqueer,174.108.175.199
533,Ara,Sickamore,asickamorees@dailymail.co.uk,Genderfluid,216.120.228.81
534,Jesselyn,Grob,jgrobet@uol.com.br,Non-binary,253.143.111.130
535,Linea,Vicent,lvicenteu@ustream.tv,Genderqueer,32.157.68.184
536,Nate,Culverhouse,nculverhouseev@usda.gov,Non-binary,224.237.140.96
537,Rafael,Martinets,rmartinetsew@state.tx.us,Polygender,3.22.136.77
538,Gary,Punyer,gpunyerex@netscape.com,Genderfluid,207.83.136.28
539,Avie,Ruecastle,aruecastleey@goodreads.com,Genderfluid,203.177.53.83
540,Francoise,Hixson,fhixsonez@123-reg.co.uk,Female,78.199.34.92
541,Orlan,Sharples,osharplesf0@marketwatch.com,Male,125.227.25.45
542,Taite,Lydall,tlydallf1@webmd.com,Female,150.3.223.86
543,Ella,Deacon,edeaconf2@sfgate.com,Genderqueer,168.19.119.233
544,Pierce,Winnard,pwinnardf3@hud.gov,Male,185.179.149.39
545,Eran,MacGiolla,emacgiollaf4@gnu.org,Male,147.73.27.138
546,Skell,Fulle,sfullef5@vkontakte.ru,Genderqueer,245.212.227.193
547,Louise,Barthropp,lbarthroppf6@dailymotion.com,Genderfluid,122.98.227.138
548,Don,Knifton,dkniftonf7@yahoo.com,Polygender,219.54.102.9
549,Jessy,Alekseev,jalekseevf8@mtv.com,Bigender,104.208.234.46
550,Dione,Dennerley,ddennerleyf9@ucoz.com,Bigender,228.77.246.82
551,Nelly,Ladbrook,nladbrookfa@nih.gov,Female,253.40.93.81
552,Sheena,Wauchope,swauchopefb@baidu.com,Non-binary,72.93.92.34
553,Orelle,Lemmer,olemmerfc@jigsy.com,Genderqueer,206.220.193.55
554,Mellisent,Sealeaf,msealeaffd@unc.edu,Bigender,200.51.185.180
555,Karie,Hampe,khampefe@pagesperso-orange.fr,Agender,209.165.124.60
556,Chloris,Melvin,cmelvinff@trellian.com,Polygender,130.152.28.23
557,Nona,Millyard,nmillyardfg@sitemeter.com,Agender,6.162.109.38
558,Falkner,Fey,ffeyfh@list-manage.com,Male,181.176.68.95
559,Kelley,Bumfrey,kbumfreyfi@columbia.edu,Genderfluid,31.157.166.125
560,Farr,Panther,fpantherfj@theglobeandmail.com,Non-binary,231.218.198.155
561,Gordy,Ipsgrave,gipsgravefk@sfgate.com,Agender,156.110.157.99
562,Ketti,Thaxton,kthaxtonfl@walmart.com,Polygender,95.103.190.84
563,Teddie,Messham,tmesshamfm@eventbrite.com,Non-binary,73.173.46.113
564,Olag,Mahady,omahadyfn@zimbio.com,Female,64.40.62.181
565,Felipe,Brandenburg,fbrandenburgfo@storify.com,Genderfluid,130.35.169.227
566,Hardy,Phythean,hphytheanfp@skype.com,Genderfluid,214.55.98.240
567,Phedra,Pedron,ppedronfq@mayoclinic.com,Polygender,200.206.180.57
568,Carlota,Doody,cdoodyfr@phoca.cz,Female,121.100.246.204
569,Romola,Allchin,rallchinfs@hexun.com,Male,137.66.166.104
570,Chane,Sartain,csartainft@alibaba.com,Polygender,107.6.240.209
571,Morrie,Mayow,mmayowfu@un.org,Non-binary,189.23.80.210
572,Drona,De la Yglesias,ddelayglesiasfv@merriam-webster.com,Male,173.89.60.241
573,Rozella,Foskin,rfoskinfw@vimeo.com,Genderqueer,228.104.151.153
574,Bran,Gatesman,bgatesmanfx@addtoany.com,Genderqueer,202.83.69.61
575,Rudolf,Risman,rrismanfy@telegraph.co.uk,Non-binary,112.210.121.57
576,Addison,Harby,aharbyfz@ameblo.jp,Male,155.46.88.99
577,Theodosia,Townby,ttownbyg0@newsvine.com,Non-binary,141.65.10.215
578,Lila,Cleaver,lcleaverg1@diigo.com,Non-binary,187.170.60.131
579,Micki,Leipoldt,mleipoldtg2@furl.net,Genderqueer,115.127.30.201
580,Sher,Durston,sdurstong3@posterous.com,Agender,194.59.181.200
581,Dean,Guilfoyle,dguilfoyleg4@patch.com,Bigender,195.67.233.103
582,Alec,Sivewright,asivewrightg5@cisco.com,Polygender,48.115.169.88
583,Germana,Massie,gmassieg6@apple.com,Genderfluid,155.22.92.122
584,Irita,Dearman,idearmang7@answers.com,Polygender,242.23.218.57
585,Nico,Duchart,nduchartg8@sciencedaily.com,Bigender,170.241.229.207
586,Raynard,Gloyens,rgloyensg9@imageshack.us,Polygender,101.51.136.110
587,Albie,Godmer,agodmerga@dell.com,Genderqueer,32.80.180.9
588,Martita,Skym,mskymgb@instagram.com,Non-binary,79.199.19.186
589,Coraline,Nise,cnisegc@rediff.com,Genderfluid,171.28.124.50
590,Caria,Smittoune,csmittounegd@linkedin.com,Agender,37.35.131.40
591,Clevey,Wyke,cwykege@phpbb.com,Genderfluid,150.212.227.209
592,Leah,Craufurd,lcraufurdgf@imdb.com,Genderqueer,20.86.65.55
593,Isabelle,Pedler,ipedlergg@home.pl,Genderfluid,99.205.27.112
594,Elia,Jeans,ejeansgh@arizona.edu,Non-binary,72.50.177.206
595,Walden,Elson,welsongi@bbb.org,Female,64.77.173.56
596,Glynis,Danbi,gdanbigj@vkontakte.ru,Female,104.62.2.16
597,Helli,Mecchi,hmecchigk@sun.com,Non-binary,68.236.226.22
598,Lynn,Pavese,lpavesegl@sitemeter.com,Female,117.52.70.248
599,Anderea,Scad,ascadgm@about.me,Agender,221.52.179.150
600,Hedda,Hollebon,hhollebongn@marketwatch.com,Genderqueer,230.79.39.239
601,Misti,Slateford,mslatefordgo@time.com,Male,1.172.131.52
602,Hartwell,Stitch,hstitchgp@unblog.fr,Female,154.111.79.78
603,Guinna,Dennett,gdennettgq@cnbc.com,Non-binary,117.131.231.20
604,Livy,Bernadot,lbernadotgr@freewebs.com,Bigender,68.34.176.2
605,Judi,Rae,jraegs@washington.edu,Non-binary,135.238.74.156
606,Lon,Murdie,lmurdiegt@hp.com,Male,33.215.136.62
607,Ivan,Ewbanke,iewbankegu@cbsnews.com,Male,154.90.158.253
608,Sheri,Sissens,ssissensgv@reuters.com,Non-binary,40.72.8.240
609,Hattie,Cribbott,hcribbottgw@photobucket.com,Non-binary,151.189.98.112
610,Dale,Yexley,dyexleygx@mac.com,Female,166.166.230.117
611,Gus,Yetman,gyetmangy@telegraph.co.uk,Non-binary,244.199.73.74
612,Marget,Gentner,mgentnergz@angelfire.com,Female,37.193.180.106
613,Cy,Tokley,ctokleyh0@engadget.com,Agender,113.234.192.115
614,Devin,Martinon,dmartinonh1@people.com.cn,Genderfluid,48.57.128.171
615,Penny,Lennie,plennieh2@twitter.com,Genderfluid,153.192.106.82
616,Sianna,Casillas,scasillash3@wordpress.org,Bigender,77.7.107.219
617,Odilia,Ciepluch,ociepluchh4@canalblog.com,Genderqueer,140.6.236.86
618,Baldwin,Fairest,bfairesth5@goodreads.com,Non-binary,161.183.31.0
619,Pennie,Fowlie,pfowlieh6@dmoz.org,Polygender,20.99.96.133
620,Raf,Waumsley,rwaumsleyh7@accuweather.com,Female,33.41.205.253
621,Forster,Mulvihill,fmulvihillh8@etsy.com,Female,225.18.98.1
622,Chantalle,Crop,ccroph9@myspace.com,Genderfluid,154.189.158.17
623,Myca,Brennans,mbrennansha@google.co.uk,Agender,248.64.8.189
624,Katya,Joao,kjoaohb@geocities.jp,Male,72.217.53.250
625,Eugen,Wilkie,ewilkiehc@hhs.gov,Non-binary,235.91.69.198
626,Rhoda,Chrystal,rchrystalhd@wufoo.com,Polygender,154.225.201.108
627,Jordanna,Shillum,jshillumhe@upenn.edu,Agender,76.63.255.236
628,Madelin,Danilov,mdanilovhf@nationalgeographic.com,Genderqueer,246.27.65.249
629,Care,Guslon,cguslonhg@surveymonkey.com,Female,231.32.98.28
630,Ethan,Stych,estychhh@xinhuanet.com,Bigender,163.238.173.56
631,Flory,Hebborne,fhebbornehi@gnu.org,Bigender,50.93.54.217
632,Jaquelyn,Straniero,jstranierohj@meetup.com,Female,76.216.80.214
633,Bell,Nealand,bnealandhk@liveinternet.ru,Genderfluid,143.122.77.124
634,Storm,Pfeuffer,spfeufferhl@netlog.com,Polygender,239.157.171.26
635,Magdaia,Gerwood,mgerwoodhm@pcworld.com,Polygender,183.24.38.67
636,Emmalyn,Lacroix,elacroixhn@wordpress.com,Genderfluid,69.40.104.13
637,Corny,Curedale,ccuredaleho@squarespace.com,Agender,42.22.214.32
638,Galvan,Tudgay,gtudgayhp@instagram.com,Genderfluid,4.26.96.118
639,Marla,Allery,malleryhq@si.edu,Polygender,199.73.79.121
640,Christye,Bliven,cblivenhr@istockphoto.com,Genderfluid,248.11.226.114
641,Kirsten,Shiel,kshielhs@webeden.co.uk,Male,218.13.195.192
642,Dick,Juszczyk,djuszczykht@tumblr.com,Genderfluid,150.141.169.170
643,Gayler,Steinham,gsteinhamhu@wsj.com,Agender,79.215.160.1
644,Manolo,Broun,mbrounhv@dailymotion.com,Genderfluid,254.6.218.214
645,Karl,Herley,kherleyhw@cafepress.com,Polygender,82.147.211.59
646,Meyer,McEnteggart,mmcenteggarthx@reverbnation.com,Bigender,103.128.151.13
647,Ludovika,Cantwell,lcantwellhy@deviantart.com,Genderfluid,125.26.197.216
648,Alli,Elldred,aelldredhz@icio.us,Non-binary,122.242.105.25
649,Gene,Henzley,ghenzleyi0@slate.com,Genderfluid,31.93.173.56
650,Eula,Dalwood,edalwoodi1@alibaba.com,Non-binary,87.172.134.201
651,Donall,Phibb,dphibbi2@ezinearticles.com,Bigender,111.27.197.46
652,Hoyt,Ioannidis,hioannidisi3@virginia.edu,Genderfluid,207.93.213.106
653,Killy,Chaplyn,kchaplyni4@fc2.com,Non-binary,67.77.220.78
654,Fionna,Roskell,froskelli5@bbc.co.uk,Bigender,241.219.124.5
655,Virgilio,Allsebrook,vallsebrooki6@npr.org,Male,51.29.156.79
656,Ursuline,Massingham,umassinghami7@chronoengine.com,Agender,168.200.238.19
657,Drona,Springthorpe,dspringthorpei8@nyu.edu,Male,133.19.25.6
658,Mendy,Luetkemeyer,mluetkemeyeri9@photobucket.com,Non-binary,135.149.254.123
659,Tandy,Lean,tleania@ucoz.com,Genderfluid,164.17.124.226
660,Gregg,Halden,ghaldenib@studiopress.com,Polygender,234.84.28.23
661,Ammamaria,Kachel,akachelic@hugedomains.com,Agender,227.18.200.156
662,Gigi,Burstow,gburstowid@ted.com,Male,147.235.212.159
663,Griselda,Klee,gkleeie@upenn.edu,Genderfluid,87.67.144.236
664,Forbes,Janning,fjanningif@netlog.com,Bigender,88.251.6.58
665,Vivian,Mardlin,vmardlinig@youtube.com,Non-binary,35.152.150.183
666,Hort,Sailer,hsailerih@stumbleupon.com,Non-binary,109.47.235.255
667,Cesare,Swinburne,cswinburneii@omniture.com,Genderfluid,8.239.1.161
668,Othelia,Delahunt,odelahuntij@lulu.com,Male,32.250.86.34
669,Bondie,Moscrop,bmoscropik@vinaora.com,Agender,15.208.32.229
670,Lennie,Pridden,lpriddenil@360.cn,Genderqueer,217.58.228.57
671,Gary,Pantone,gpantoneim@w3.org,Bigender,231.47.21.131
672,Meghan,Badger,mbadgerin@altervista.org,Non-binary,50.17.38.190
673,Bryan,Wandrach,bwandrachio@ucoz.ru,Genderfluid,180.109.233.213
674,Brandise,Desorts,bdesortsip@paginegialle.it,Bigender,114.177.37.138
675,Cherise,Pittock,cpittockiq@typepad.com,Genderqueer,159.214.166.11
676,Deck,Presman,dpresmanir@shutterfly.com,Male,203.67.90.97
677,Austen,Tirrell,atirrellis@delicious.com,Non-binary,191.46.252.121
678,Ellery,Lillie,elillieit@fda.gov,Genderfluid,252.194.45.23
679,Leonard,Cummings,lcummingsiu@usatoday.com,Genderfluid,25.176.172.5
680,Cloris,Leheude,cleheudeiv@sfgate.com,Agender,0.106.15.112
681,Lind,O'Flaverty,loflavertyiw@scientificamerican.com,Male,115.190.49.63
682,Talya,Eloy,teloyix@com.com,Agender,49.86.208.148
683,Isa,Parsand,iparsandiy@weather.com,Genderfluid,134.173.127.182
684,Cathryn,Syers,csyersiz@mac.com,Genderfluid,38.72.230.204
685,Maire,Pyzer,mpyzerj0@cmu.edu,Genderqueer,224.11.72.249
686,Lorena,Lamba,llambaj1@washington.edu,Agender,251.198.141.44
687,Niels,Guinn,nguinnj2@taobao.com,Genderfluid,112.211.158.104
688,Wileen,Spuner,wspunerj3@chron.com,Genderfluid,252.211.234.56
689,Alyson,Lehrer,alehrerj4@parallels.com,Female,218.199.10.10
690,Malchy,Deeprose,mdeeprosej5@shareasale.com,Genderfluid,231.151.96.230
691,Bendick,McClenan,bmcclenanj6@geocities.jp,Female,245.222.81.142
692,Melisent,Ashenhurst,mashenhurstj7@devhub.com,Genderqueer,120.64.211.220
693,Craig,Sam,csamj8@yahoo.com,Polygender,75.195.225.133
694,Fionnula,Birts,fbirtsj9@marketwatch.com,Bigender,190.42.21.160
695,Erena,Baugh,ebaughja@newyorker.com,Bigender,88.135.64.123
696,Vivi,Smeed,vsmeedjb@oakley.com,Female,101.151.208.30
697,Amalie,Lockery,alockeryjc@a8.net,Genderfluid,57.212.168.193
698,Eulalie,Plumbridge,eplumbridgejd@google.fr,Non-binary,46.146.156.186
699,Cointon,Gruby,cgrubyje@blogger.com,Bigender,7.217.253.135
700,Oralia,Dunstan,odunstanjf@cnet.com,Non-binary,187.134.149.156
701,Orelle,Eggerton,oeggertonjg@youtube.com,Non-binary,241.14.58.56
702,Gardener,Everit,geveritjh@mtv.com,Genderfluid,87.75.21.69
703,Teador,Ianno,tiannoji@yahoo.com,Genderfluid,78.197.156.235
704,Robinetta,Truckett,rtruckettjj@com.com,Non-binary,111.49.199.46
705,Almeria,Bilyard,abilyardjk@amazon.com,Polygender,174.158.44.190
706,Cecile,Lorie,cloriejl@salon.com,Genderqueer,192.46.125.109
707,Cecelia,Eustanch,ceustanchjm@lulu.com,Genderfluid,51.153.71.50
708,Adora,Goreisr,agoreisrjn@google.co.uk,Female,179.117.153.214
709,Barrie,Culleton,bculletonjo@ucoz.com,Male,236.173.73.2
710,Kaile,Kondratenya,kkondratenyajp@salon.com,Genderqueer,126.74.10.254
711,Katina,Goodbourn,kgoodbournjq@slashdot.org,Genderqueer,80.119.176.74
712,Martie,Matthaus,mmatthausjr@rakuten.co.jp,Polygender,112.156.95.126
713,Martainn,Georg,mgeorgjs@over-blog.com,Male,113.230.141.78
714,Prinz,Poyzer,ppoyzerjt@github.io,Agender,104.121.235.127
715,Dar,Dyshart,ddyshartju@amazon.co.jp,Female,98.60.26.94
716,Mile,Gauge,mgaugejv@google.it,Male,197.154.169.110
717,Derwin,Bruyet,dbruyetjw@ocn.ne.jp,Bigender,153.130.222.160
718,Fowler,Trundell,ftrundelljx@tinyurl.com,Non-binary,174.195.99.61
719,Reagan,Lawless,rlawlessjy@is.gd,Polygender,196.34.191.9
720,Morty,Fritzer,mfritzerjz@shinystat.com,Genderqueer,242.233.124.39
721,Glynnis,Studeart,gstudeartk0@narod.ru,Genderqueer,76.172.217.194
722,Merrie,Faire,mfairek1@ibm.com,Male,127.58.30.48
723,Hewe,Nicholas,hnicholask2@psu.edu,Female,226.17.229.26
724,Cherie,Moakson,cmoaksonk3@tinyurl.com,Genderfluid,241.34.181.16
725,Holden,Vegas,hvegask4@moonfruit.com,Bigender,233.44.114.238
726,Jobye,Dinis,jdinisk5@oracle.com,Male,177.5.101.112
727,Micky,Gimbart,mgimbartk6@examiner.com,Genderqueer,69.241.237.224
728,Noel,Labadini,nlabadinik7@xinhuanet.com,Bigender,75.47.5.92
729,Vally,Bril,vbrilk8@oracle.com,Bigender,224.44.244.101
730,Quinton,Cordy,qcordyk9@yahoo.co.jp,Bigender,249.215.228.235
731,Karee,Dawidowitz,kdawidowitzka@oracle.com,Non-binary,68.118.48.129
732,Carr,Jarville,cjarvillekb@tripadvisor.com,Polygender,131.211.148.238
733,Freddie,Tuhy,ftuhykc@samsung.com,Non-binary,230.177.224.214
734,Brandi,Idale,bidalekd@soup.io,Non-binary,89.40.142.46
735,Felipe,Simonite,fsimoniteke@myspace.com,Female,222.161.250.94
736,Raymund,Berthel,rberthelkf@wiley.com,Polygender,107.73.154.187
737,Alejandrina,Congreave,acongreavekg@kickstarter.com,Genderfluid,156.169.25.190
738,Virgie,Croyser,vcroyserkh@opera.com,Bigender,245.21.172.229
739,Jerad,Eblein,jebleinki@go.com,Agender,241.7.180.42
740,Cherise,Parffrey,cparffreykj@google.ca,Non-binary,80.216.108.212
741,Leigh,Halling,lhallingkk@yandex.ru,Genderqueer,5.104.44.232
742,Antonetta,Melrose,amelrosekl@php.net,Genderfluid,109.21.95.240
743,Kincaid,Bosse,kbossekm@icio.us,Genderqueer,127.36.146.5
744,Iggy,Wisedale,iwisedalekn@dropbox.com,Male,125.93.107.139
745,Sylvia,Kristiansen,skristiansenko@com.com,Genderfluid,243.41.20.215
746,Mohammed,Infantino,minfantinokp@oaic.gov.au,Genderqueer,10.146.110.230
747,Aila,Deerr,adeerrkq@google.com.br,Male,240.149.61.211
748,Griffie,Forcer,gforcerkr@webnode.com,Female,47.122.182.171
749,Howey,Defrain,hdefrainks@goo.gl,Female,242.245.31.98
750,Orsa,Kahan,okahankt@soup.io,Female,27.88.200.147
751,Mirilla,Oganesian,moganesianku@themeforest.net,Polygender,166.54.36.108
752,Townie,Fechnie,tfechniekv@ask.com,Bigender,139.12.49.0
753,Jessamine,Mossom,jmossomkw@mlb.com,Male,45.98.204.241
754,Dominica,Rodolico,drodolicokx@behance.net,Female,54.91.1.140
755,Gareth,Paulitschke,gpaulitschkeky@psu.edu,Genderqueer,162.21.110.122
756,Karlee,Goldberg,kgoldbergkz@biglobe.ne.jp,Non-binary,15.98.188.58
757,Norby,Sloane,nsloanel0@clickbank.net,Bigender,132.132.40.191
758,Goraud,Middler,gmiddlerl1@typepad.com,Non-binary,48.148.55.199
759,Marna,Towey,mtoweyl2@symantec.com,Agender,197.77.144.81
760,Hetty,Duchart,hduchartl3@hhs.gov,Polygender,7.110.125.48
761,Sutherlan,Waterstone,swaterstonel4@usatoday.com,Polygender,113.29.185.228
762,Pavia,Boxill,pboxilll5@cdc.gov,Agender,202.86.23.174
763,Maurene,Brito,mbritol6@cpanel.net,Female,45.113.127.78
764,Ryun,Doyley,rdoyleyl7@dion.ne.jp,Genderqueer,116.239.107.237
765,Lilla,Swalwell,lswalwelll8@answers.com,Bigender,20.191.17.148
766,Clayson,Gateland,cgatelandl9@mit.edu,Male,25.92.57.132
767,Flinn,Thaim,fthaimla@shutterfly.com,Genderfluid,6.109.210.242
768,Evangelin,Waldron,ewaldronlb@google.com.br,Female,29.26.120.13
769,Roby,Shirtcliffe,rshirtcliffelc@lulu.com,Genderqueer,225.159.158.32
770,Rene,Colecrough,rcolecroughld@seattletimes.com,Non-binary,235.160.36.178
771,Allx,Mulholland,amulhollandle@indiegogo.com,Polygender,114.84.82.114
772,Gilda,Tesdale,gtesdalelf@umn.edu,Bigender,221.72.167.20
773,Lynn,Gowrich,lgowrichlg@statcounter.com,Male,101.250.80.80
774,Rozele,Van Der Walt,rvanderwaltlh@qq.com,Genderfluid,39.126.149.47
775,Gilbertina,Cornes,gcornesli@miibeian.gov.cn,Genderfluid,125.62.33.167
776,Konstantin,Pellatt,kpellattlj@nih.gov,Female,250.6.175.206
777,Claybourne,Mathonnet,cmathonnetlk@csmonitor.com,Bigender,62.96.87.169
778,Alleen,Dacca,adaccall@indiatimes.com,Bigender,84.195.154.46
779,Oralle,LAbbet,olabbetlm@mapquest.com,Bigender,231.101.46.75
780,Morly,MacKey,mmackeyln@tripadvisor.com,Bigender,176.23.61.154
781,Malinde,Sturges,msturgeslo@acquirethisname.com,Polygender,137.76.5.181
782,Valentine,Maskell,vmaskelllp@tinypic.com,Non-binary,53.22.218.110
783,Robers,Rapaport,rrapaportlq@photobucket.com,Female,255.83.112.251
784,Berte,Viste,bvistelr@163.com,Non-binary,0.188.54.76
785,Edd,McElwee,emcelweels@yahoo.co.jp,Agender,163.10.115.101
786,Winifield,Loukes,wloukeslt@shop-pro.jp,Female,162.167.29.51
787,Wenonah,Jennrich,wjennrichlu@msn.com,Non-binary,93.70.108.33
788,Cicily,Turney,cturneylv@de.vu,Genderqueer,103.1.160.166
789,Mireielle,Episcopi,mepiscopilw@globo.com,Polygender,119.36.8.203
790,Hayward,Paine,hpainelx@slashdot.org,Non-binary,136.209.81.136
791,Sisely,Polotti,spolottily@ameblo.jp,Female,104.36.164.51
792,Merry,Ehlerding,mehlerdinglz@cam.ac.uk,Genderfluid,169.239.118.214
793,Elsbeth,Baggelley,ebaggelleym0@comcast.net,Genderfluid,176.87.9.108
794,Warden,Bruyntjes,wbruyntjesm1@vinaora.com,Genderqueer,66.182.55.88
795,Gaylor,Jarrad,gjarradm2@bloglovin.com,Non-binary,226.168.23.146
796,Lila,Agneau,lagneaum3@state.gov,Genderqueer,40.69.250.155
797,Ebony,Glazier,eglazierm4@cmu.edu,Genderfluid,171.17.232.79
798,Sumner,Colkett,scolkettm5@deviantart.com,Female,205.85.58.186
799,Orazio,Finch,ofinchm6@wsj.com,Agender,100.93.129.229
800,Dulciana,Troak,dtroakm7@vimeo.com,Female,187.243.210.133
801,Elsie,Desmond,edesmondm8@ucla.edu,Genderqueer,206.170.59.109
802,Hans,Ferrini,hferrinim9@craigslist.org,Genderqueer,5.120.8.54
803,Casandra,Cahalan,ccahalanma@sakura.ne.jp,Genderfluid,153.252.215.99
804,Savina,Holleworth,sholleworthmb@dailymotion.com,Genderfluid,124.208.192.232
805,Cliff,Van Geffen,cvangeffenmc@wordpress.org,Female,73.221.51.58
806,Freddy,Rolles,frollesmd@google.es,Non-binary,235.83.20.226
807,Nikolaos,Matresse,nmatresseme@youku.com,Polygender,104.132.81.79
808,Yelena,Greenlees,ygreenleesmf@tinyurl.com,Agender,206.8.20.80
809,Roddy,Jouannot,rjouannotmg@g.co,Genderqueer,203.223.51.13
810,Delmor,Menear,dmenearmh@google.es,Polygender,122.160.119.81
811,Margret,Wanklyn,mwanklynmi@cbslocal.com,Genderfluid,73.55.175.18
812,Niki,Dodimead,ndodimeadmj@opensource.org,Genderqueer,62.171.42.133
813,Aristotle,Sedgemore,asedgemoremk@cloudflare.com,Genderqueer,170.199.12.77
814,Arabel,Merrick,amerrickml@issuu.com,Female,113.113.55.94
815,Timmie,Ickov,tickovmm@ftc.gov,Female,114.233.143.138
816,Ardys,Hamshar,ahamsharmn@weebly.com,Agender,139.13.194.220
817,Camile,Tather,ctathermo@phpbb.com,Bigender,152.139.202.180
818,Charlena,Sabie,csabiemp@pinterest.com,Non-binary,236.194.13.229
819,Boigie,Paulo,bpaulomq@blog.com,Female,163.221.237.106
820,Emalia,Morgon,emorgonmr@whitehouse.gov,Agender,98.46.166.42
821,Tabina,Gatus,tgatusms@hostgator.com,Polygender,171.109.36.254
822,Josy,Tellenbroker,jtellenbrokermt@ovh.net,Bigender,2.251.182.155
823,Brandtr,Clearie,bcleariemu@ucla.edu,Agender,220.210.117.71
824,Rosemary,Jerson,rjersonmv@netlog.com,Male,30.183.12.113
825,Arlana,Boxall,aboxallmw@ameblo.jp,Agender,134.18.202.168
826,Tally,Dahle,tdahlemx@reference.com,Male,233.11.250.28
827,Elisabetta,Tessington,etessingtonmy@unblog.fr,Polygender,132.239.16.90
828,Irving,Etty,iettymz@pbs.org,Genderfluid,41.7.66.151
829,Franciskus,O'Crigan,focrigann0@yellowpages.com,Polygender,204.107.62.37
830,Griff,Jallin,gjallinn1@thetimes.co.uk,Bigender,231.242.248.242
831,Fern,Klimmek,fklimmekn2@google.fr,Genderqueer,87.64.84.101
832,Randene,Millson,rmillsonn3@linkedin.com,Male,4.135.238.242
833,Arabella,Peeters,apeetersn4@xinhuanet.com,Female,250.10.238.248
834,Retha,Baggarley,rbaggarleyn5@elpais.com,Female,76.136.64.157
835,Gretta,Potes,gpotesn6@delicious.com,Bigender,52.43.182.160
836,Tiff,Cabell,tcabelln7@t.co,Non-binary,41.170.85.20
837,Delainey,Nevett,dnevettn8@com.com,Agender,218.12.159.228
838,Courtney,Alves,calvesn9@example.com,Genderfluid,58.46.135.104
839,Mayne,Dechelle,mdechellena@boston.com,Male,93.239.3.236
840,Kiley,Yashin,kyashinnb@yale.edu,Genderqueer,54.28.238.111
841,Lyndsay,McCowan,lmccowannc@apple.com,Bigender,71.39.60.165
842,Lavinia,Lighterness,llighternessnd@wired.com,Female,194.24.137.46
843,Ellie,MacCosty,emaccostyne@opera.com,Male,237.143.166.41
844,Lane,Torrecilla,ltorrecillanf@chicagotribune.com,Polygender,6.208.123.82
845,Lissy,Ludovico,lludovicong@nature.com,Genderqueer,141.18.84.110
846,Vannie,Binding,vbindingnh@sina.com.cn,Genderfluid,128.25.195.117
847,Sayer,Friett,sfriettni@hatena.ne.jp,Bigender,27.145.61.125
848,Gill,Pietrzak,gpietrzaknj@freewebs.com,Male,143.215.78.112
849,Johanna,Ollett,jollettnk@ebay.co.uk,Female,124.90.166.61
850,Harriette,Ashbrook,hashbrooknl@arizona.edu,Female,112.76.194.132
851,Dot,Bartlomiej,dbartlomiejnm@live.com,Bigender,244.67.127.62
852,Andra,Maciocia,amaciociann@arizona.edu,Genderqueer,138.255.201.126
853,Harvey,Rowler,hrowlerno@mac.com,Non-binary,33.98.140.242
854,Stormi,O'Scully,soscullynp@oakley.com,Bigender,220.119.229.219
855,Ingra,Pillington,ipillingtonnq@unc.edu,Male,154.43.1.68
856,Hershel,Worsom,hworsomnr@nasa.gov,Genderqueer,194.195.154.208
857,Artie,Wison,awisonns@a8.net,Male,68.47.19.31
858,Giorgio,Piel,gpielnt@themeforest.net,Polygender,234.207.125.21
859,Kerstin,Murrigan,kmurrigannu@tuttocitta.it,Genderqueer,35.196.51.12
860,Ferguson,Domone,fdomonenv@moonfruit.com,Non-binary,99.210.153.114
861,Barbe,Freiburger,bfreiburgernw@hud.gov,Genderfluid,193.139.42.0
862,Inger,Jacobsson,ijacobssonnx@washingtonpost.com,Genderqueer,120.239.169.229
863,Molly,Ivanishin,mivanishinny@bizjournals.com,Non-binary,56.177.87.227
864,Ajay,Olligan,aolligannz@fc2.com,Genderfluid,167.41.55.21
865,Hadleigh,Hendrickson,hhendricksono0@facebook.com,Non-binary,228.242.150.80
866,Keary,Siveyer,ksiveyero1@bing.com,Polygender,214.231.92.84
867,Thea,Braney,tbraneyo2@51.la,Male,14.183.230.215
868,Fidel,Cullotey,fculloteyo3@parallels.com,Agender,157.131.60.223
869,Harlen,Clementet,hclementeto4@biblegateway.com,Female,112.164.31.105
870,Morna,Bodle,mbodleo5@msu.edu,Agender,123.76.235.69
871,Dalston,Wadelin,dwadelino6@ustream.tv,Bigender,230.4.0.152
872,Nehemiah,Ellison,nellisono7@huffingtonpost.com,Agender,9.90.86.175
873,Ardith,Reily,areilyo8@dropbox.com,Non-binary,62.6.172.245
874,Hilarius,Dubber,hdubbero9@dyndns.org,Non-binary,0.81.204.43
875,Dani,Kaspar,dkasparoa@github.com,Male,11.72.63.57
876,Lucias,Lundbeck,llundbeckob@ibm.com,Genderqueer,226.194.119.230
877,Kimmie,MacCarroll,kmaccarrolloc@google.es,Agender,30.245.16.148
878,Ilka,Arkil,iarkilod@goo.gl,Agender,168.173.43.232
879,Charity,Mycock,cmycockoe@instagram.com,Male,234.176.180.197
880,Aryn,Januszewski,ajanuszewskiof@kickstarter.com,Polygender,222.46.176.126
881,Roxi,Broad,rbroadog@soup.io,Polygender,35.0.6.8
882,Blondelle,Leschelle,bleschelleoh@unc.edu,Genderfluid,69.144.156.166
883,Aurelea,Warmington,awarmingtonoi@tmall.com,Female,77.108.47.144
884,Lorettalorna,Veltman,lveltmanoj@sina.com.cn,Agender,251.107.27.163
885,Rouvin,Rickarsey,rrickarseyok@gizmodo.com,Agender,117.102.185.140
886,Smith,Wherrett,swherrettol@google.ru,Non-binary,152.104.98.220
887,Joanna,Cutchie,jcutchieom@npr.org,Bigender,215.164.110.43
888,Sammy,Querree,squerreeon@timesonline.co.uk,Male,80.191.146.141
889,Hanson,De Vries,hdevriesoo@admin.ch,Female,106.218.192.82
890,Polly,McLarty,pmclartyop@msn.com,Male,165.44.243.103
891,Jamie,O' Markey,jomarkeyoq@joomla.org,Male,114.146.155.250
892,Winne,Fronzek,wfronzekor@umn.edu,Agender,147.40.32.230
893,Rochester,McGiffie,rmcgiffieos@barnesandnoble.com,Female,22.243.180.252
894,Susanna,Berston,sberstonot@ibm.com,Non-binary,30.116.191.250
895,Cobb,Hoonahan,choonahanou@mtv.com,Female,143.126.196.134
896,Ginnifer,Bauman,gbaumanov@phoca.cz,Genderqueer,0.230.96.50
897,Kippie,Leethem,kleethemow@histats.com,Bigender,62.240.253.22
898,Fowler,Jewers,fjewersox@amazon.co.uk,Polygender,15.40.211.231
899,Britt,Sauvage,bsauvageoy@reverbnation.com,Bigender,232.184.2.240
900,Marci,Chalcraft,mchalcraftoz@canalblog.com,Genderfluid,29.254.126.100
901,Jill,Kinrade,jkinradep0@deliciousdays.com,Agender,190.232.210.32
902,Nelie,De Luna,ndelunap1@51.la,Agender,196.120.103.12
903,Claudetta,Minghella,cminghellap2@weebly.com,Female,162.30.94.42
904,Florinda,McKew,fmckewp3@tripadvisor.com,Non-binary,98.88.28.156
905,Deny,Gayle,dgaylep4@wunderground.com,Non-binary,77.219.67.81
906,Wenona,Killingbeck,wkillingbeckp5@marriott.com,Genderfluid,64.149.196.49
907,Karola,Lints,klintsp6@squidoo.com,Polygender,78.45.251.244
908,Coleman,Coolson,ccoolsonp7@netlog.com,Female,79.117.199.174
909,Ive,Fretter,ifretterp8@friendfeed.com,Agender,88.79.111.16
910,Hallsy,Matasov,hmatasovp9@over-blog.com,Genderqueer,209.97.180.152
911,Corrie,Streader,cstreaderpa@cmu.edu,Polygender,230.12.209.201
912,Helaine,Courtman,hcourtmanpb@huffingtonpost.com,Male,129.4.166.252
913,Jermain,Yves,jyvespc@imageshack.us,Bigender,114.127.162.107
914,Boyd,Clacson,bclacsonpd@sun.com,Bigender,225.85.195.210
915,Jo-ann,Carrington,jcarringtonpe@telegraph.co.uk,Genderqueer,167.190.212.81
916,Kimmi,Shatliff,kshatliffpf@prlog.org,Bigender,206.207.13.13
917,Joshia,Acedo,jacedopg@so-net.ne.jp,Female,62.18.201.13
918,Clemente,Spick,cspickph@phoca.cz,Agender,218.52.82.104
919,Genovera,Gaiger,ggaigerpi@bandcamp.com,Male,195.141.3.198
920,Prince,Hanmer,phanmerpj@cdbaby.com,Agender,53.26.86.31
921,Leodora,Giovannini,lgiovanninipk@php.net,Male,86.83.131.19
922,Vilma,Merigot,vmerigotpl@naver.com,Genderqueer,60.2.246.112
923,Cloe,Bompas,cbompaspm@ow.ly,Polygender,245.207.72.182
924,Annette,Pardon,apardonpn@uiuc.edu,Female,200.30.38.50
925,Buiron,Fancett,bfancettpo@list-manage.com,Male,5.232.97.41
926,Deborah,Blewis,dblewispp@google.co.uk,Genderfluid,82.225.13.225
927,Emilia,Hurles,ehurlespq@nasa.gov,Genderqueer,3.200.118.137
928,Reider,McCreery,rmccreerypr@livejournal.com,Male,191.181.135.3
929,Gar,Barnfield,gbarnfieldps@java.com,Genderqueer,133.171.153.247
930,Reider,Sweet,rsweetpt@mapy.cz,Female,254.25.128.39
931,Quinlan,Robillart,qrobillartpu@360.cn,Male,59.32.153.145
932,Dilly,Heningam,dheningampv@howstuffworks.com,Polygender,2.108.124.169
933,Yvette,Robers,yroberspw@reddit.com,Female,233.155.24.51
934,Ugo,Dowson,udowsonpx@artisteer.com,Genderfluid,100.13.211.77
935,Charla,MacGarvey,cmacgarveypy@a8.net,Non-binary,95.124.23.36
936,Umberto,Presdie,upresdiepz@mapy.cz,Non-binary,161.69.10.232
937,Selia,Obal,sobalq0@kickstarter.com,Agender,58.244.167.92
938,Jilly,Gadesby,jgadesbyq1@delicious.com,Male,101.15.35.243
939,Donn,Btham,dbthamq2@accuweather.com,Bigender,169.222.184.17
940,Constancy,Wyllcock,cwyllcockq3@patch.com,Polygender,145.238.253.46
941,Maureen,Chippindall,mchippindallq4@hatena.ne.jp,Bigender,201.242.59.200
942,Brandy,Mingame,bmingameq5@businessweek.com,Polygender,210.153.173.249
943,Latisha,Coveley,lcoveleyq6@diigo.com,Non-binary,83.16.154.18
944,Beniamino,Cramphorn,bcramphornq7@hubpages.com,Female,123.229.191.123
945,Brynna,Hourihane,bhourihaneq8@imdb.com,Polygender,3.176.222.240
946,Anya,Meir,ameirq9@yelp.com,Female,240.197.209.144
947,Adriena,Beardsley,abeardsleyqa@cbsnews.com,Genderfluid,1.60.98.53
948,Susanetta,Elven,selvenqb@flickr.com,Male,139.208.127.219
949,Lisha,Blockley,lblockleyqc@sciencedaily.com,Bigender,136.126.179.179
950,Henrik,Roggers,hroggersqd@ucsd.edu,Male,147.218.168.3
951,Dalila,Flook,dflookqe@apple.com,Genderqueer,243.181.246.108
952,Brad,Pavey,bpaveyqf@xinhuanet.com,Genderqueer,23.92.163.45
953,Jorry,Sorton,jsortonqg@scribd.com,Genderfluid,4.125.187.140
954,Ermin,Gow,egowqh@comsenz.com,Genderfluid,154.77.141.42
955,Walsh,Beszant,wbeszantqi@nasa.gov,Female,172.82.77.248
956,Nina,Duckworth,nduckworthqj@yandex.ru,Non-binary,222.135.2.33
957,Abra,Whodcoat,awhodcoatqk@slideshare.net,Female,246.189.226.218
958,Michaelina,Gerler,mgerlerql@apple.com,Genderqueer,196.76.201.251
959,Cirstoforo,Stainer,cstainerqm@who.int,Non-binary,2.54.207.41
960,Ilysa,Hebborn,ihebbornqn@nps.gov,Bigender,154.234.151.97
961,Windy,Castillon,wcastillonqo@aol.com,Male,96.73.173.120
962,Rand,Bontine,rbontineqp@google.co.uk,Genderfluid,191.121.49.160
963,Winni,Antoons,wantoonsqq@hhs.gov,Non-binary,70.92.25.36
964,Henka,Cockhill,hcockhillqr@comcast.net,Male,74.76.95.183
965,Galina,Schowenburg,gschowenburgqs@newsvine.com,Male,205.208.213.176
966,Evie,Tyzack,etyzackqt@bloglovin.com,Polygender,106.112.48.109
967,Riordan,Judkins,rjudkinsqu@symantec.com,Polygender,1.65.83.130
968,Lauretta,Thunderchief,lthunderchiefqv@storify.com,Bigender,146.116.186.55
969,Matthaeus,Buckleigh,mbuckleighqw@abc.net.au,Agender,186.144.10.136
970,Ashley,Goodwyn,agoodwynqx@webnode.com,Agender,96.102.164.197
971,Gena,Jaulme,gjaulmeqy@adobe.com,Bigender,233.63.94.18
972,Alfredo,Shearstone,ashearstoneqz@stanford.edu,Genderqueer,62.32.189.170
973,Annamarie,Peplaw,apeplawr0@yellowbook.com,Female,118.186.250.145
974,Reidar,Goodrum,rgoodrumr1@aboutads.info,Genderqueer,1.205.42.218
975,Michele,Tunnicliffe,mtunnicliffer2@ocn.ne.jp,Genderqueer,38.77.239.212
976,Aland,Grundell,agrundellr3@g.co,Female,106.216.134.108
977,Mordecai,Extance,mextancer4@mayoclinic.com,Genderfluid,216.127.144.237
978,Reggis,Binns,rbinnsr5@scribd.com,Genderqueer,129.92.3.187
979,Jillie,Isitt,jisittr6@hc360.com,Male,85.35.54.113
980,Hillel,Scrowston,hscrowstonr7@state.gov,Genderqueer,53.183.27.211
981,Shurlock,Dickson,sdicksonr8@live.com,Bigender,224.102.85.93
982,Jamaal,Milligan,jmilliganr9@vistaprint.com,Male,215.210.206.189
983,Ignaz,Murtagh,imurtaghra@narod.ru,Non-binary,32.104.62.195
984,Teodora,Gumbrell,tgumbrellrb@technorati.com,Polygender,170.67.3.8
985,Ardys,Mitchall,amitchallrc@smh.com.au,Female,156.214.92.162
986,Faulkner,Walklot,fwalklotrd@telegraph.co.uk,Female,54.72.138.222
987,Tobey,Bartleman,tbartlemanre@amazon.co.jp,Bigender,138.60.177.48
988,Corrinne,Petranek,cpetranekrf@flickr.com,Agender,121.107.72.30
989,Bren,Bariball,bbariballrg@sogou.com,Agender,96.60.180.60
990,Marlow,Woodus,mwoodusrh@nih.gov,Genderfluid,254.254.79.124
991,Rodrigo,Benton,rbentonri@gov.uk,Non-binary,202.109.109.117
992,Tammara,Stafford,tstaffordrj@google.es,Genderfluid,117.73.236.173
993,Linette,Hebden,lhebdenrk@deliciousdays.com,Non-binary,254.117.2.125
994,Ellette,Soles,esolesrl@bizjournals.com,Female,226.33.9.205
995,Nicole,Heelis,nheelisrm@opera.com,Agender,173.215.220.183
996,Andras,Grievson,agrievsonrn@so-net.ne.jp,Polygender,25.173.139.122
997,Austina,Dowall,adowallro@icio.us,Bigender,19.61.8.75
998,Adda,Tomasutti,atomasuttirp@cnbc.com,Genderfluid,220.234.199.202
999,Sim,Tosspell,stosspellrq@cargocollective.com,Bigender,49.141.118.142
1000,Letitia,Jacobowicz,ljacobowiczrr@yellowbook.com,Non-binary,153.202.242.69
